username_sender,username_receiver,amount,currency,transaction_date,status
grace3032,aiden1205,1729.15,PHP,2025-07-07 01:03:41 UTC,pending
daniel9643,samantha2310,1902.71,BRL,2025-07-07 01:03:41 UTC,completed
lily5497,emily6349,21196.49,USD,2025-07-07 01:03:41 UTC,completed
olivia8769,marcos2349,71971.79,USD,2025-07-07 01:03:41 UTC,completed
brian7248,jessica8452,28650.91,BRL,2025-07-07 01:03:41 UTC,failed
sarah4651,john3217,17530.75,PHP,2025-07-07 01:03:41 UTC,completed
jessica8452,lucas9871,36110.7,HKD,2025-07-07 01:03:41 UTC,pending
rachel3945,brian7248,54630.43,HKD,2025-07-07 01:03:41 UTC,completed
daniel9643,michael6532,47200.96,USD,2025-07-07 01:03:41 UTC,pending
lucas9871,julia8214,44210.31,EUR,2025-07-07 01:03:41 UTC,failed
david2201,joseph3145,32270.37,HKD,2025-07-07 01:03:41 UTC,failed
william2309,michael6532,35240.89,PHP,2025-07-07 01:03:41 UTC,failed
